{
  "bannerAttachDelayTime": 0,
  "bannerTransitionTimeInSec": 5000,
  "list": [
    {
      "actionType": 0,
      "fileName": "banner1.png",
      "id": 0,
      "showIn": "home",
      "ranking": 1,
      "actionText": "",
      "startDate": "2023-07-01 12:00:00",
      "endDate": "2024-07-01 12:00:00"
    },
    {
      "actionType": 0,
      "fileName": "banner1-1.png",
      "id": 1,
      "showIn": "home",
      "ranking": 1,
      "actionText": "",
      "startDate": "2023-07-01 12:00:00",
      "endDate": "2024-07-01 12:00:00"
    },
    {
      "actionType": 0,
      "fileName": "banner1-2.png",
      "id": 1,
      "showIn": "home",
      "ranking": 1,
      "actionText": "",
      "startDate": "2023-07-01 12:00:00",
      "endDate": "2024-07-01 12:00:00"
    },
    {
      "actionType": 180,
      "fileName": "banner1-3.png",
      "id": 1,
      "showIn": "home",
      "ranking": 1,
      "actionText": "",
      "startDate": "2023-07-01 12:00:00",
      "endDate": "2024-07-01 12:00:00"
    },
    {
      "actionType": 0,
      "fileName": "banner2.png",
      "id": 2,
      "showIn": "emi_sale,brand_emi,void",
      "ranking": 1,
      "actionText": "",
      "startDate": "2023-07-01 12:00:00",
      "endDate": "2024-07-01 12:00:00"
    },
    {
      "actionType": 0,
      "fileName": "banner3.png",
      "id": 3,
      "showIn": "dynamic_qr",
      "ranking": 1,
      "actionText": "",
      "startDate": "2023-07-01 12:00:00",
      "endDate": "2024-07-01 12:00:00"
    }
  ]
}
