{
  "bannerAttachDelayTime": 3000,
  "bannerTransitionTimeInSec": 5000,
  "list": [
    {
      "actionType": 1001,
      "fileName": "banner1.jpg",
      "id": 0,
      "showIn": "ALL",
      "ranking": 1,
      "actionText": "{\"campId\":1,\"campName\":\"Campaign-001\",\"title\":\"Bonushub Campaign\",\"subTitle\":\"Create all fields dynamic by json or Model structure.\",\"isShowActionbar\":false,\"buttonText\":\"Submit\",\"popup\":{\"buttonText\":\"Continue\",\"description\":\"You will get your updates soon\",\"title\":\"Thank You!\"},\"fieldList\":[{\"fieldName\":\"Name\",\"fieldType\":1,\"inputType\":\"textCapWords\",\"isSpinnerSelectTitle\":false,\"maxLength\":0,\"paramKey\":\"name\",\"validation\":\"empty\"},{\"fieldData\":\"[{\\\"id\\\":1,\\\"title\\\":\\\"PCM\\\"},{\\\"id\\\":2,\\\"title\\\":\\\"PCMB\\\"},{\\\"id\\\":3,\\\"title\\\":\\\"Arts\\\"},{\\\"id\\\":4,\\\"title\\\":\\\"Commerce\\\"}]\",\"fieldName\":\"Select Steam\",\"fieldType\":2,\"inputType\":\"text\",\"isSpinnerSelectTitle\":true,\"maxLength\":0,\"paramKey\":\"steam\",\"validation\":\"spinner\"},{\"fieldData\":\"[\\\"Male\\\",\\\"Female\\\",\\\"Trans\\\"]\",\"fieldName\":\"Select Gender\",\"fieldType\":3,\"inputType\":\"text\",\"isSpinnerSelectTitle\":false,\"maxLength\":0,\"paramKey\":\"gender\",\"validation\":\"radio\"},{\"fieldData\":\"Select Date\",\"fieldName\":\"Date of Birth\",\"fieldType\":5,\"inputType\":\"text\",\"isSpinnerSelectTitle\":false,\"maxLength\":0,\"paramKey\":\"dob\",\"validation\":\"date\"},{\"fieldName\":\"Personal Detail\",\"fieldType\":0,\"inputType\":\"text\",\"isSpinnerSelectTitle\":false,\"maxLength\":0,\"paramKey\":\"personal_detail\",\"validation\":\"\"},{\"fieldName\":\"Mobile No\",\"fieldSuggestions\":\"[\\\"9891983694\\\"]\",\"fieldType\":1,\"inputType\":\"phone\",\"isSpinnerSelectTitle\":false,\"maxLength\":10,\"paramKey\":\"mobile\",\"validation\":\"mobile\"},{\"fieldName\":\"Email Id\",\"fieldSuggestions\":\"[\\\"@gmail.com\\\", \\\"@yahoo.com\\\", \\\"@hotmail.com\\\", \\\"@outlook.com\\\"]\",\"fieldType\":1,\"inputType\":\"textEmailAddress\",\"isSpinnerSelectTitle\":false,\"maxLength\":0,\"paramKey\":\"email\",\"validation\":\"email\"},{\"fieldName\":\"Address\",\"fieldType\":1,\"inputType\":\"textMultiLine\",\"isSpinnerSelectTitle\":false,\"maxLength\":0,\"paramKey\":\"address\",\"validation\":\"\"},{\"fieldName\":\"Subscribe for news updates\",\"fieldType\":4,\"inputType\":\"text\",\"isSpinnerSelectTitle\":false,\"maxLength\":0,\"paramKey\":\"agree\",\"validation\":\"check_box\"}]}",
      "startDate": "2023-04-25 12:00:00",
      "endDate": "2023-05-31 12:00:00"
    },
    {
      "actionType": 1002,
      "fileName": "banner2.jpg",
      "id": 1,
      "showIn": "Home,Void",
      "ranking": 3,
      "startDate": "2023-04-25 12:00:00",
      "endDate": "2023-05-31 12:00:00"
    },
    {
      "actionType": 1003,
      "fileName": "banner3.jpg",
      "id": 2,
      "showIn": "Void",
      "ranking": 2,
      "startDate": "2023-04-25 12:00:00",
      "endDate": "2023-05-31 12:00:00"
    }
  ]
}
